1489017407	6.2
1489021021	6.4
1489024634	7.3
1489028216	7.9
1489031829	8.1
1489035443	8.2
1489039031	7.9
1489042628	7.4
1489046226	6.6
1489049850	7.2
1489053440	8.7
1489057030	10
1489060651	10.5
1489064240	9.1
1489066195	8.5
1489069787	9.1
1489073406	11.2
1489076996	10.6
1489080618	10
1489087808	9.2
1489091430	8.7
1489095021	8.8
1489105840	6.6
1489109425	6.8
1489113041	6.5
1489116656	5.6
1489120241	5.5
1489123858	5.2
1489127450	4.9
1489131051	3.1
1489134656	3.5
1489138280	5.1
1489141875	6.7
1489145467	7.4
1489149087	9
1489152792	8.5
1489156383	9.6
1489160004	8.9
1489163595	10.3
1489167183	12.2
1489170808	10.5
1489174402	4.5
1489177993	1.9
1489181616	0.4
1489192412	-1.7
1489196033	-2.2
1489199619	-2.4
1489206820	-2.3
1489210437	-2.2
1489214026	-2.7
1489217649	-1.6
1489221238	-0.4
1489224826	1
1489228446	4.2
1489232042	11.7
1489235662	15
1489239384	16.2
1489242986	18.4
1489246577	14.6
1489250202	15.1
1489253794	12.8
1489257390	9.1
1489260984	7
1489264602	6.6
1489268219	5.8
1489271812	3
1489275414	1.8
1489279032	1.2
1489282617	0.5
1489286232	-0.2
1489293433	0.1
1489297049	-0.2
1489300636	-1
1489304253	-1.2
1489311432	2.6
1489315048	5.5
1489318642	10.7
1489322260	13.8
1489325848	16.3
1489325987	16.3
1489329577	16.5
1489333195	17.1
1489336791	9
1489344006	8
1489347595	6
1489351212	5.2
1489358428	4.6
1489362018	4.2
1489365634	3.8
1489369220	3.1
1489372835	2.2
1489376420	1.8
1489380033	1.3
1489383621	0.8
1489387242	0.6
1489390837	0.1
1489394432	0.2
1489398054	1.5
1489401644	3.4
1489405230	7.2
1489408849	8.8
1489412437	10.7
1489412595	10.7
1489416187	12.4
1489419807	12.1
1489423395	10.9
1489426987	10.3
1489430614	9.8
1489434206	9.5
1489437800	8.6
1489441398	7.7
1489445020	6.2
1489448606	5.2
1489452222	4.4
1489455807	3.1
1489459423	2.4
1489463011	1.6
1489466625	1.1
1489470244	0.9
1489477435	1.1
1489481031	1.7
1489484659	2.9
1489488249	4.1
1489491838	5.8
1489495459	8.6
1489499048	10.4
1489499188	10.4
1489502780	11.4
1489506398	12.2
1489509986	13.1
1489513609	12.7
1489517200	12.1
1489520815	11
1489524402	10
1489527994	9.4
1489531619	8.1
1489535209	6.3
1489538824	5.6
1489542437	4.8
1489546022	3.9
1489549638	3.4
1489553221	2.9
1489556839	2.4
1489560430	2.2
1489564056	2
1489567651	3
1489571244	4.3
1489574865	5.7
1489578453	8.5
1489582040	10.4
1489585787	12
1489592971	11.9
1489596588	12.2
1489603780	11.6
1489607407	10.6
1489611002	10.2
1489614599	8.5
1489618221	7.3
1489621809	6.6
1489625424	5.7
1489629009	4.5
1489632624	3.6
1489636211	3.4
1489639825	3.3
1489650634	3.6
1489654229	4.3
1489657850	5.6
1489661442	9.1
1489665062	11.3
1489668652	13
1489672395	14.1
1489675988	16.1
1489679608	16.3
1489683196	15.8
1489686787	14.7
1489690410	14.5
1489693999	12.8
1489697620	10.6
1489701214	8.8
1489704833	7.3
1489708419	6.5
1489712034	5.3
1489715618	4.5
1489719232	3.9
1489722848	3.5
1489726434	2.9
1489730054	2
1489733648	2.4
1489737248	2.2
1489740840	3.5
1489744462	7.9
1489748050	12.7
1489751667	14.7
1489755255	15.5
1489758976	15.5
1489762568	15.7
1489766187	16.1
1489769775	14.1
1489773399	12.4
1489776992	12
1489780584	11.4
1489784207	10.9
1489787800	10.4
1489791420	9.8
1489795008	9.7
1489845541	8
1489849194	8.5
1489852784	9
1489859986	8.9
1489867218	9.2
1489874420	9
1489878037	8.7
1489881621	8.4
1489888845	8.2
1489892428	7.5
1489896039	7.8
1489899651	7.5
1489903233	7.7
1489906845	7.8
1489910460	8.1
1489914054	8.4
1489917674	9.4
1489921264	10.2
1489924851	10.4
1489932220	11
1489935812	11.3
1489939430	11.7
1489943046	11.8
1489946632	12
1489950247	11.9
1489953860	11.7
1489961043	11.5
1489964666	11.3
1489968257	10.8
1489975454	10.7
1489979068	10.5
1489982681	10.3
1489986263	10.1
1489989882	9.9
1489993475	10
1489997076	9.9
1490000672	10
1490004293	10.7
1490007882	11.5
1490011500	11.1
1490015089	11.4
1490018824	12.2
1490020605	12.4
1490024224	13.2
1490027840	13.4
1490031430	13
1490035030	12.5
1490038652	11.8
1490042237	11.2
1490045860	10.6
1490049456	9.9
1490053048	10.2
1490056666	10.3
1490060251	9.9
1490063863	9.7
1490067477	9.5
1490071062	9.6
1490074677	9.7
1490081868	9.5
1490089086	10.2
1490092704	11.1
1490096292	11.4
1490099880	11.6
1490105421	11.6
1490107204	12
1490114411	11.2
1490118031	11.1
1490121626	10.8
1490125220	8
1490128843	7.3
1490132436	7.2
1490136057	6.4
1490139647	6.1
1490143262	5.8
1490146874	5.7
1490150457	5.2
1490154071	4.9
1490157657	4.8
1490161273	4.7
1490164862	4.6
1490172081	4.5
1490175673	4.6
1490179293	4.9
1490182881	5.5
1490186500	6.3
1490192039	6.3
1490193823	6.5
1490197442	6.9
1490204650	7
1490208240	6.9
1490211861	6.8
1490215452	6.7
1490219050	6.5
1490222674	6.4
1490226266	6.3
1490229882	6.4
1490237079	6.5
1490240692	6.6
1490247892	6.4
1490251482	6.7
1490255078	6.6
1490258700	6.8
1490262289	7.4
1490265908	8.3
1490269496	8.9
1490273114	9.4
1490276699	10.3
1490278664	10.3
1490280446	10.5
1490284065	11.1
1490287651	11.3
1490291271	11.2
1490294865	10.7
1490298463	10.4
1490302082	9.3
1490305678	8
1490309300	7.4
1490312896	6.5
1490316489	5.7
1490320105	5
1490323691	5.1
1490327306	5.8
1490330890	6
1490334507	7.2
1490338100	7.3
1490341700	7.4
1490345327	7.6
1490348924	7.9
1490352518	8.3
1490356143	8.5
1490359736	8.9
1490365461	8.9
1490367232	9.4
1490369027	9.4
1490370855	9.7
1490372654	9.7
1490374453	10
1490376248	10
1490378044	9.8
1490379841	9.8
1490381638	9.5
1490383463	9.5
1490385260	8.6
1490387055	8.6
1490388850	7.2
1490390645	7.2
1490392444	6.5
1490394268	6.5
1490396060	5.4
1490397860	5.4
1490399658	4
1490403279	4
1490405071	4
1490406864	2.8
1490408660	2.8
1490410457	2.7
1490412281	2.7
1490414077	2.1
1490415874	2.1
1490417669	1.8
1490419464	1.8
1490421289	1.9
1490423083	1.9
1490424880	2.1
1490426672	2.1
1490428469	2.4
1490430267	2.4
1490432093	4
1490433888	4
1490435681	6.4
1490437477	6.4
1490439274	9.1
1490441101	9.1
1490442897	10.9
1490444692	10.9
1490446487	11.7
1490448284	11.7
1490450081	13.4
1490451879	13.4
1490453708	15
1490455503	15
1490457303	15.1
1490459099	15.1
1490460893	14.2
1490462688	14.2
1490464516	13.5
1490466313	13.5
1490468109	12.8
1490469904	12.8
1490471700	11.3
1490473526	11.3
1490475325	9.7
1490477118	9.7
1490478914	8.2
1490489730	6.8
1490491521	6.8
1490492602	6.8
1490494399	6.4
1490496196	6.4
1490497993	6.2
1490499789	6.2
1490501586	5.2
1490503382	5.2
1490505208	4.6
1490507004	4.6
1490508800	3.9
1490510595	3.9
1490512397	3.4
1490514194	3.4
1490516020	3.9
1490517815	3.9
1490519612	5.7
1490521408	5.7
1490523202	7.9
1490525028	7.9
1490526825	10.1
1490528622	10.1
1490530420	11.5
1490532215	11.5
1490534008	12
1490535832	12
1490537629	13.6
1490539425	13.6
1490541218	14.8
1490543015	14.8
1490544841	14.7
1490546637	14.7
1490548430	13.8
1490550228	13.8
1490552022	12.8
1490553845	12.8
1490555639	11.9
1490557437	11.9
1490559234	10.5
1490561029	10.5
1490562829	8.7
1490564652	8.7
1490566445	7.2
1490568239	7.2
1490570035	6.7
1490571860	6.7
1490573658	5.5
1490575457	5.5
1490580858	4.6
1490582649	4.6
1490584442	4.4
1490586267	4.4
1490588062	3.8
1490589856	3.8
1490591650	3.5
1490593475	3.5
1490595269	2.5
1490597064	2.5
1490598860	1.8
1490600653	1.8
1490602479	1.9
1490604273	1.9
1490606067	2.4
1490607860	2.4
1490609655	4.6
1490611479	4.6
1490613275	7
1490615070	7
1490616868	11.7
1490618668	11.7
1490620463	13.3
1490622290	13.3
1490624087	15
1490625882	15
1490627675	17.1
1490629469	17.1
1490631295	18.6
1490633092	18.6
1490634887	18.7
1490636679	18.7
1490638474	17.7
1490640299	17.7
1490642097	16.8
1490643892	16.8
1490645687	15.9
1490647481	15.9
1490649305	13.9
1490651101	13.9
1490652895	11.5
1490654703	11.5
1490656503	9.6
1490658301	9.6
1490660100	8.3
1490661895	8.3
1490663874	7.3
1490665671	7
1490667470	7
1490669263	5.3
1490671060	5.3
1490672859	4.3
1490674657	4.3
1490676484	3.6
1490678279	3.6
1490680075	2.8
1490681870	2.8
1490683666	2.1
1490685461	2.1
1490687288	1.8
1490689084	1.8
1490690880	3.1
1490692674	3.1
1490694470	4.9
1490696296	4.9
1490698092	8.6
1490699886	8.6
1490701685	13.9
1490703482	13.9
1490705278	15.5
1490707077	15.5
1490708903	17.4
1490710696	17.4
1490712492	19.6
1490714289	19.6
1490716087	19.9
1490717885	19.9
1490719682	19.9
1490721508	19.9
1490723306	19.2
1490725103	19.2
1490726899	18.7
1490728695	18.7
1490730494	17.7
1490732319	17.7
1490734115	16.7
1490735909	16.7
1490737702	15
1490739497	15
1490741322	13.2
1490743199	13.2
1490744999	11.2
1490746798	11.2
1490748594	10
1490750390	10
1490752216	9.1
1490754011	9.1
1490755806	8.3
1490757602	8.3
1490759398	7.6
1490761226	7.6
1490763025	6.9
1490764820	6.9
1490766618	6.3
1490768412	6.3
1490770209	5.6
1490772003	5.6
1490773830	5.2
1490775628	5.2
1490777423	5.9
1490779216	5.9
1490781009	9.3
1490782836	9.3
1490784630	12.9
1490786424	12.9
1490788220	16.1
1490790014	16.1
1490791840	16.6
1490793634	16.6
1490795428	17.1
1490797222	17.1
1490799017	17.6
1490800840	17.6
1490802633	16.8
1490804426	16.8
1490806221	17.7
1490808045	17.7
1490809838	17.6
1490811632	17.6
1490813429	17.3
1490815252	17.3
1490817047	16.4
1490818843	16.4
1490820643	15.4
1490822439	15.4
1490824272	15.2
1490826070	15.2
1490827865	13
1490829662	13
1490831460	13
1490833259	13
1490835056	14.4
1490836882	14.4
1490838678	14.2
1490840475	14.2
1490841413	14.2
1490843211	13.6
1490845005	13.6
1490846801	12
1490848596	12
1490850391	10.9
1490852217	10.9
1490854016	10.2
1490855811	10.2
1490857606	9.6
1490859406	9.6
1490861205	8.8
1490863001	8.8
1490864827	8.4
1490866622	8.4
1490868415	10.1
1490870216	10.1
1490872012	12.4
1490873808	12.4
1490875632	15.3
1490877428	15.3
1490879225	16.8
1490881019	16.8
1490882816	17.5
1490884615	17.5
1490886442	19.1
1490888239	19.1
1490890035	20.4
1490891872	20.4
1490893682	20.3
1490895467	20.3
1490897271	19.8
1490899078	19.8
1490900888	18.8
1490902693	18.8
1490904500	18.2
1490906310	18.2
1490908121	16.9
1490909898	16.9
1490911707	14.8
1490913518	14.8
1490915332	13.5
1490917141	13.5
1490918572	12.5
1490920369	12.5
1490922166	11.6
1490923961	11.6
1490927556	10.8
1490929378	9.9
1490931176	9.9
1490932972	9.3
1490934770	9.3
1490936565	8.8
1490938360	8.8
1490940186	8.2
1490941982	8.2
1490943776	7.5
1490945573	7.5
1490947369	6.8
1490949167	6.8
1490950991	8.2
1490952786	8.2
1490954582	11.3
1490956378	11.3
1490958178	14.9
1490960003	14.9
1490961800	18
1490963594	18
1490965388	18.8
1490967183	18.8
1490968979	21.2
1490970806	21.2
1490972602	23.5
1490974397	23.5
1490976195	24.2
1490977990	24.2
1490979785	24.2
1490981610	24.2
1490983408	23.3
1490985203	23.3
1490986998	22.4
1490988796	22.4
1490990592	21.6
1490992419	21.6
1490994214	19.9
1490996010	19.9
1490997807	17.9
1490999602	17.9
1491001429	16.2
1491003232	16.2
1491005028	14.1
1491006822	14.1
1491007505	14.1
1491009299	13.2
1491011093	13.2
1491014712	12.1
1491016503	11.3
1491018297	11.3
1491020092	10.7
1491021918	10.7
1491023711	10
1491025509	10
1491027309	9.2
1491029107	9.2
1491030903	8.7
1491032700	8.7
1491034524	8.2
1491036319	8.2
1491038120	8.9
1491039919	8.9
1491041714	11.1
1491043509	11.1
1491045306	14.5
1491047131	14.5
1491048927	19.6
1491050725	19.6
1491052520	20.7
1491054316	20.7
1491056138	22.7
1491057933	22.7
1491059726	23.5
1491061519	23.5
1491063344	22.9
1491065140	22.9
1491066932	22.2
1491068728	22.2
1491070522	21.8
1491072348	21.8
1491074140	21.1
1491075936	21.1
1491077731	19.9
1491079555	19.9
1491081351	18.1
1491083147	18.1
1491084941	17.3
1491086735	17.3
1491088533	16.2
1491090359	16.2
1491092157	16.1
1491093954	16.1
1491095750	15.4
1491097549	15.4
1491102837	14.7
1491104661	14.7
1491106457	13.8
1491108253	13.8
1491110045	12.8
1491111839	12.8
1491113664	12.5
1491115463	12.5
1491117258	12.2
1491119056	12.2
1491120853	11.9
1491122651	11.9
1491124475	12
1491126269	12
1491128062	11.8
1491129859	11.8
1491131656	12.7
1491133451	12.7
1491135279	14.3
1491137076	14.3
1491138870	15.2
1491140667	15.2
1491142464	17
1491144263	17
1491146089	18.5
1491147886	18.5
1491149685	19.3
1491151482	19.3
1491153275	19.6
1491155090	19.6
1491156898	18.1
1491158674	18.1
1491160484	16.4
1491162290	16.4
1491164098	15.7
1491165904	15.7
1491167710	15.3
1491169522	15.3
1491171327	14.4
1491173137	14.4
1491174915	13.5
1491176722	13.5
1491178530	12.6
1491180334	12.6
1491182140	12.2
1491183091	12.2
1491184887	12.1
1491190274	12
1491192095	11
1491193889	11
1491195685	10.7
1491197481	10.7
1491199280	10.4
1491201105	10.4
1491202900	9.5
1491204693	9.5
1491206487	9.1
1491208312	9.1
1491210109	9.6
1491211905	9.6
1491213700	11.4
1491215496	11.4
1491217295	13.3
1491219090	13.3
1491220914	15.6
1491222712	15.6
1491224506	16.3
1491226301	16.3
1491228097	16
1491229896	16
1491231723	15
1491233519	15
1491235313	14
1491237109	14
1491238900	14.7
1491240723	14.7
1491242521	15.1
1491244315	15.1
1491246110	14.8
1491247934	14.8
1491249730	14.2
1491251524	14.2
1491253319	13.2
1491255143	13.2
1491256941	12.3
1491258741	12.3
1491260534	11.5
1491262331	11.5
1491264127	10.8
1491265923	10.8
1491267428	10.8
1491269224	10.1
1491271017	10.1
1491278231	9.6
1491280022	8.6
1491281815	8.6
1491283609	8
1491285406	8
1491287235	7.2
1491289031	7.2
1491290829	6.2
1491292621	6.2
1491294418	5.9
1491296211	5.9
1491298035	7.5
1491299832	7.5
1491301628	8.5
1491303426	8.5
1491305222	11.3
1491307048	11.3
1491308848	12.5
1491310646	12.5
1491312444	13.3
1491314238	13.3
1491316037	14.2
1491317836	14.2
1491319634	13.8
1491321461	13.8
1491323259	11.7
1491325058	11.7
1491326857	11.4
1491328657	11.4
1491330454	11.8
1491332247	11.8
1491334073	11.6
1491335870	11.6
1491337665	11
1491339459	11
1491341256	9.9
1491343080	9.9
1491344874	8.7
1491346668	8.7
1491348465	7.6
1491350258	7.6
1491352085	7.1
1491353880	7.1
1491355673	6.2
1491357470	6.2
1491364684	5.4
1491366475	5
1491368299	5
1491370096	4.5
1491371892	4.5
1491373688	4.1
1491375484	4.1
1491377279	3.6
1491379102	3.6
1491380903	3.6
1491382697	3.6
1491384489	4.4
1491386284	4.4
1491388107	6.3
1491389904	6.3
1491391699	9.6
1491393498	9.6
1491395290	11.5
1491397086	11.5
1491398912	13
1491400705	13
1491402501	13.3
1491404293	13.3
1491406119	14.1
1491407915	14.1
1491409714	14.3
1491411507	14.3
1491413302	13.9
1491415097	13.9
1491416921	13.9
1491418714	13.9
1491420510	13.3
1491422305	13.3
1491424104	12.7
1491425932	12.7
1491427726	12
1491429523	12
1491431317	12.1
1491433141	12.1
1491434938	11.9
1491436734	11.9
1491438530	10.9
1491440323	10.9
1491442148	10.4
1491443943	10.4
1491445738	9.8
1491445965	9.8
1491447761	9.8
1491449553	8.8
1491451348	8.8
1491453147	7.7
1491454974	7.7
1491456769	7
1491458565	7
1491460362	6.1
1491462159	6.1
1491463954	5.5
1491465781	5.5
1491467577	5.2
1491469374	5.2
1491471175	5.8
1491472970	5.8
1491474765	6.4
1491476591	6.4
1491478386	7.1
1491480180	7.1
1491481975	7.5
1491483772	7.5
1491485598	8.2
1491487394	8.2
1491489188	8.6
1491490982	8.6
1491492778	9.7
1491494603	9.7
1491496397	11
1491498194	11
1491499990	11
1491501785	11
1491503609	11.1
1491505403	11.1
1491507198	10.8
1491508994	10.8
1491510818	10.3
1491512612	10.3
1491514407	9.4
1491516202	9.4
1491519822	9
1491521616	8.6
1491523410	8.6
1491525205	8.4
1491527028	8.4
1491528825	7.9
1491530618	7.9
1491532417	7.9
1491534211	7.9
1491536034	7.9
1491537827	7.9
1491539623	7.6
1491541418	7.6
1491543213	7.5
1491545011	7.5
1491546838	7.5
1491548636	7.5
1491550429	7.2
1491552224	7.2
1491554018	7.1
1491555846	7.1
1491557642	7.9
1491559438	7.9
1491561235	8.5
1491563032	8.5
1491564829	9.4
1491566625	9.4
1491568450	10.5
1491570247	10.5
1491572045	10.7
1491573840	10.7
1491575636	11.1
1491577431	11.1
1491579258	11.9
1491581052	11.9
1491582845	13.7
1491584640	13.7
1491586436	13.7
1491588263	11.8
1491590059	11.8
1491591853	11.7
1491593646	11.7
1491595440	10.8
1491597268	10.8
1491599066	10.2
1491600862	10.2
1491606276	9.9
1491608070	9.9
1491609862	9.9
1491611658	9.9
1491613483	9.7
1491615277	9.7
1491617073	9.8
1491618869	9.8
1491620438	9.8
1491622233	9.8
1491624029	9.8
1491625826	9.8
1491627623	9.8
1491629447	9.8
1491631240	9.8
1491633033	9.8
1491634829	9.8
1491636624	9.8
1491638451	9
1491640244	9
1491642039	9.3
1491643834	9.3
1491645657	11.1
1491647451	11.1
1491649245	12.5
1491651043	12.5
1491652839	14.5
1491654663	14.5
1491656458	14.4
1491658254	14.4
1491660050	20.1
1491661846	20.1
1491663644	20.6
1491665471	20.6
1491667264	21.4
1491669057	21.4
1491670853	22.8
1491672647	22.8
1491674444	23.6
1491676270	23.6
1491678064	23.5
1491679861	23.5
1491681654	18.2
1491683480	18.2
1491685275	14.6
1491687070	14.6
1491688865	13.1
1491694285	10.2
1491696075	9.3
1491697898	9.3
1491699692	7.4
1491701487	7.4
1491703284	5.9
1491705079	5.9
1491706874	5
1491708701	5
1491710496	4.1
1491712292	4.1
1491714089	3.8
1491715884	3.8
1491717680	3
1491719507	3
1491721302	2.5
1491723098	2.5
1491724892	2.4
1491726691	2.4
1491728488	4.1
1491730312	4.1
1491732107	9
1491733902	9
1491735699	12
1491737496	12
1491739292	14
1491741118	14
1491742916	17
1491744711	17
1491746504	17.6
1491748300	17.6
1491750126	18
1491751920	18
1491753716	19.2
1491755513	19.2
1491757310	20
1491759104	20
1491760928	20.3
1491762724	20.3
1491764520	20
1491766316	20
1491768114	19
1491769937	19
1491771733	14
1491773527	14
1491775324	13
1491780740	9
1491782533	9
1491784326	9
1491786150	14
1491787946	14
1491789741	6
1491791536	6
1491791837	6
1491793634	6
1491795431	6
1491797228	6
1491799053	3
1491800849	3
1491802643	5
1491804438	5
1491806266	3
1491808062	3
1491809857	8.6
1491811653	8.6
1491813447	6
1491815274	6
1491817069	10.9
1491818865	10.9
1491820660	15
1491822456	15
1491824283	16.6
1491826082	16.6
1491827879	20
1491829675	20
1491831470	21
1491833266	21
1491835062	22
1491836889	22
1491838683	22
1491840481	22
1491842277	22
1491844072	22
1491845896	22.7
1491847692	22.7
1491849490	21
1491851289	21
1491853085	21
1491854883	21
1491856680	16.8
1491858506	16.8
1491860304	14.7
1491867490	11.5
1491869312	11.5
1491871105	11
1491872899	11
1491874726	9.2
1491876523	9.2
1491878323	7.5
1491880124	7.5
1491881919	6.7
1491883713	6.7
1491885510	5.5
1491887305	5.5
1491889133	4.2
1491890931	4.2
1491892731	3.4
1491894532	3.4
1491896326	2.9
1491898121	2.9
1491899918	4.1
1491901745	4.1
1491903538	6.3
1491905334	6.3
1491907129	8.3
1491908925	8.3
1491910751	8.7
1491912547	8.7
1491914345	11.5
1491916140	11.5
1491917937	13.3
1491919763	13.3
1491921558	15.5
1491923353	15.5
1491925151	17.7
1491926949	17.7
1491928746	17.5
1491930543	17.5
1491932367	14.6
1491934162	14.6
1491935959	16
1491937752	16
1491939550	14.9
1491941374	14.9
1491943170	13
1491944967	13
1491946762	11.5
1491954137	3.6
1491955930	3.6
1491957725	2.5
1491959522	2.5
1491961349	1.9
1491963144	1.9
1491964939	2.2
1491966735	2.2
1491968532	2.4
1491970357	2.4
1491972151	2.5
1491973944	2.5
1491975737	1.8
1491977562	1.8
1491979357	1.2
1491981152	1.2
1491982946	1
1491984742	1
1491986567	2.5
1491988360	2.5
1491990154	4.4
1491991952	4.4
1491993748	8.5
1491995573	8.5
1491997369	11.8
1491999169	11.8
1492000965	13.3
1492002760	13.3
1492004554	14.4
1492006378	14.4
1492008176	17.8
1492009973	17.8
1492011768	18.9
1492013563	18.9
1492015357	17.8
1492017182	17.8
1492018977	17.6
1492020771	17.6
1492022568	17.3
1492024365	17.3
1492026191	16
1492027986	16
1492029786	15
1492031582	15
1492033379	14.8
1492040600	14.3
1492042395	14.3
1492044191	14.1
1492045398	14.1
1492047195	13
1492048990	13
1492050788	12.7
1492052584	12.7
1492054410	12.6
1492056204	12.6
1492058002	12.2
1492059795	12.2
1492061591	10.7
1492063419	10.7
1492065217	9.6
1492067016	9.6
1492068813	9.3
1492070611	9.3
1492072407	9.1
1492074205	9.1
1492076031	9.2
1492077826	9.2
1492079623	10
1492081420	10
1492083215	9.9
1492085023	9.9
1492086825	12
1492088628	12
1492090430	11.4
1492092235	11.4
1492094065	12.6
1492095870	12.6
1492097649	11.3
1492099483	11.3
1492101289	12.5
1492103094	12.5
1492104901	12.5
1492106706	12.5
1492108511	12.1
1492110313	12.1
1492112116	11.9
1492113920	11.9
1492115714	11.3
1492117514	11.3
1492119318	10.6
1492130137	9.5
1492131933	9.5
1492133729	8.3
1492135557	8.3
1492137353	7.6
1492137592	7.6
1492139358	7.6
1492141183	7.7
1492142978	7.7
1492144777	7.7
1492146573	7.7
1492148368	7.7
1492150192	7.7
1492151987	7.6
1492153788	7.6
1492155590	6.9
1492157384	6.9
1492159179	7.2
1492161007	7.2
1492162799	8.7
1492164594	8.7
1492166390	9.9
1492168216	9.9
1492170012	11.7
1492171809	11.7
1492173606	14
1492175399	14
1492177223	15.9
1492179019	15.9
1492180816	13.9
1492182612	13.9
1492184407	15.6
1492186205	15.6
1492188029	14.6
1492189826	14.6
1492191622	14.1
1492193416	14.1
1492195211	13.3
1492197036	13.3
1492198831	12.8
1492200626	12.8
1492202421	12.2
1492204217	12.2
1492206019	11.7
1492207812	11.7
1492209639	10.5
1492211435	10.5
1492213231	9.4
1492215027	9.4
1492216819	8
1492218644	8
1492220441	8.2
1492222237	8.2
1492224031	8.6
1492224719	8.6
1492226516	8.6
1492228311	8.9
1492230107	8.9
1492231906	9.7
1492233730	9.7
1492235528	9.7
1492237322	9.7
1492239117	9.8
1492240912	9.8
1492242708	8.9
1492244532	8.9
1492246327	8.6
1492248121	8.6
1492249915	9.8
1492251741	9.8
1492253536	11.5
1492255330	11.5
1492257127	12.6
1492258922	12.6
1492260745	12.9
1492262543	12.9
1492264338	11.6
1492266132	11.6
1492267927	12.4
1492269724	12.4
1492271554	14.2
1492273347	14.2
1492275142	13.5
1492276938	13.5
1492278737	13.6
1492280532	13.6
1492282358	12.8
1492284154	12.8
1492285950	12.3
1492287751	12.3
1492289547	11.8
1492291343	11.8
1492293141	8.9
1492294967	8.9
1492296762	8.9
1492298558	8.9
1492300356	8.9
1492302152	8.9
1492303948	8.7
1492305772	8.7
1492307571	8.5
1492309365	8.5
1492311159	7.8
1492311641	7.8
1492313438	7.1
1492315231	7.1
1492317029	6.1
1492318824	6.1
1492320617	5.7
1492322443	5.7
1492324238	5.1
1492326033	5.1
1492327832	4.4
1492329629	4.4
1492331424	5.1
1492333248	5.1
1492335043	6.4
1492336838	6.4
1492338634	7.9
1492340432	7.9
1492342229	9.2
1492344027	9.2
1492345856	10.5
1492347655	10.5
1492349451	10.5
1492351247	10.5
1492353044	11.5
1492354841	11.5
1492356638	9.8
1492358434	9.8
1492360264	10.8
1492362059	10.8
1492363855	7
1492365650	7
1492367445	7.7
1492369272	7.7
1492371066	8.9
1492372863	8.9
1492374664	6.3
1492376461	6.3
1492378258	4.7
1492380054	4.7
1492381849	4.8
1492383677	4.8
1492385475	4.6
1492387271	4.6
1492389067	4.7
1492390858	4.7
1492392686	4.5
1492394481	4.5
1492396549	3.7
1492398377	3.7
1492400171	4.3
1492401965	4.3
1492403763	4.5
1492405563	4.5
1492407360	4.5
1492409185	4.5
1492410981	4.1
1492412777	4.1
1492414572	3.6
1492416366	3.6
1492418161	4.4
1492419986	4.4
1492421783	3.5
1492423578	3.5
1492425375	3
1492427170	3
1492428995	3.3
1492430792	3.3
1492432586	3.4
1492434383	3.4
1492436178	3.5
1492437976	3.5
1492439802	4.1
1492441599	4.1
1492443395	4.5
1492445191	4.5
1492446989	4.7
1492448783	4.7
1492450608	4.5
1492452403	4.5
1492454199	4.8
1492455998	4.8
1492457793	5.9
1492459591	5.9
1492461386	4.4
1492463216	4.4
1492465014	3
1492466810	3
1492468602	2.6
1492470399	2.6
1492471075	2.6
1492472875	2.8
1492476465	3
1492478257	3
1492480051	2.7
1492481879	2.7
1492483674	3
1492485466	3
1492487258	2.4
1492489083	2.4
1492490875	2.5
1492492672	2.5
1492494466	2.2
1492496258	2.2
1492498082	2
1492499876	2
1492501676	1.4
1492503473	1.4
1492505268	0.6
1492507095	0.6
1492508889	0.6
1492510683	0.6
1492512479	0.6
1492514276	0.6
1492516073	3.3
1492517899	3.3
1492519692	5.3
1492521488	5.3
1492523282	8.8
1492525106	8.8
1492526899	7.2
1492528697	7.2
1492530494	9.6
1492532288	9.6
1492534081	7
1492535904	7
1492537699	7.5
1492539491	7.5
1492541286	5.4
1492543112	5.4
1492544910	5.6
1492546706	5.6
1492548501	4.7
1492550297	4.7
1492552094	4.3
1492553892	4.3
1492555718	3.9
1492557515	3.9
1492559318	3.3
1492561115	3.3
1492562913	3
1492564708	3
1492566505	2.9
1492568300	2.9
1492570127	2.3
1492571922	2.3
1492573718	2.3
1492575513	2.3
1492577309	2.3
1492579109	2.3
1492580906	2.3
1492582732	2.3
1492584527	2.3
1492586321	2.3
1492588118	2.5
1492589911	2.5
1492591738	3.9
1492593533	3.9
1492595327	3.8
1492597122	3.8
1492598919	5.7
1492600743	5.7
1492602537	4.3
1492604333	4.3
1492606129	5
1492607924	5
1492609750	4.8
1492611548	4.8
1492613345	4.6
1492615142	4.6
1492616940	4.7
1492618735	4.7
1492620558	4.9
1492622352	4.9
1492624147	4.8
1492625940	4.8
1492627736	4.7
1492629563	4.7
1492631360	4.1
1492633155	4.1
1492634950	3.6
1492636745	3.6
1492638541	2.9
1492640367	2.9
1492642163	2.2
1492643956	2.2
1492645755	1.7
1492650959	0.6
1492652802	0.3
1492654596	0.3
1492660013	-0.3
1492661807	-0.3
1492663603	-0.3
1492665398	-0.3
1492667225	-0.6
1492669020	-0.6
1492670816	-0.9
1492672611	-0.9
1492674410	-0.7
1492676204	-0.7
1492681616	1.1
1492683410	1.1
1492685235	6
1492687029	6
1492688823	5.8
1492690619	5.8
1492692415	6.7
1492694213	6.7
1492696042	6.7
1492697838	6.7
1492699632	7.4
1492701426	7.4
1492703223	8.7
1492705018	8.7
1492706842	9
1492708641	9
1492710435	8.4
1492712230	8.4
1492714027	8
1492715823	8
1492717646	7.5
1492719442	7.5
1492721238	6.8
1492723032	6.8
1492724830	5.2
1492726655	5.2
1492728452	3.6
1492730245	3.6
1492732042	2.6
1492737459	1.6
1492739250	0.9
1492741044	0.9
1492742840	0.6
1492744669	0.6
1492746463	0.3
1492748258	0.3
1492750054	0.1
1492751846	0.1
1492753671	0.1
1492755472	0.1
1492757271	0.7
1492759068	0.7
1492760866	1
1492762662	1
1492764458	1.7
1492766253	1.7
1492768080	2.8
1492769875	2.8
1492771671	5.7
1492773466	5.7
1492775260	9.8
1492777087	9.8
1492778881	11.7
1492780675	11.7
1492782472	12.6
1492784268	12.6
1492786064	13.5
1492787891	13.5
1492789686	14.1
1492791482	14.1
1492793277	14.4
1492795072	14.4
1492796870	14.1
1492798698	14.1
1492800496	13.4
1492802290	13.4
1492804086	12.8
1492805882	12.8
1492807678	12.3
1492809503	12.3
1492811297	11.8
1492813093	11.8
1492814892	11.7
1492816687	11.7
1492818485	11.3
1492823899	11.2
1492824062	11.2
1492825856	11
1492827650	11
1492829445	10.8
1492831269	10.8
1492834924	10.7
1492836719	10.6
1492838519	10.6
1492840347	10.6
1492842147	10.6
1492843943	10.4
1492845742	10.4
1492847540	10.2
1492849337	10.2
1492851136	10.2
1492852939	10.2
1492854766	10.4
1492856566	10.4
1492858363	10.5
1492860169	10.5
1492861975	10.2
1492863778	10.2
1492865580	10.3
1492867386	10.3
1492869190	10.3
1492870996	10.3
1492872804	8.2
1492874612	8.2
1492876387	7.8
1492878222	7.8
1492879996	7.7
1492881800	7.7
1492883632	8.3
1492885405	8.3
1492887239	8.9
1492889043	8.9
1492890822	8.9
1492892626	8.9
1492894427	8.5
1492896259	8.5
1492898057	8.1
1492899853	8.1
1492901648	7.8
1492903459	7.8
1492905262	7.4
1492910659	6.8
1492912480	6.3
1492914277	6.3
1492916080	5.8
1492917880	5.8
1492919681	5.5
1492921482	5.5
1492923284	5.1
1492926883	4.9
1492928685	4.9
1492930488	4.6
1492932287	4.6
1492934089	4.8
1492935887	4.8
1492937718	4.7
1492939517	4.7
1492941316	6.2
1492943117	6.2
1492944918	7
1492946720	7
1492948518	8.3
1492950315	8.3
1492952114	7.5
1492953916	7.5
1492955743	7.7
1492957520	7.7
1492959326	8.5
1492961127	8.5
1492962931	8.7
1492964734	8.7
1492966541	9.6
1492968347	9.6
1492970153	9.5
1492971958	9.5
1492973760	9
1492975565	9
1492977372	8.8
1492979146	8.8
1492980949	7.9
1492982753	7.9
1492984555	7.3
1492986388	7.3
1492988187	6.9
1492989965	6.9
1492991767	5
1492998683	2.6
1493000475	2.6
1493002274	2.2
1493004068	2.2
1493005894	1.5
1493007688	1.5
1493009483	0.9
1493011279	0.9
1493013076	0.7
1493014874	0.7
1493016698	0.3
1493018494	0.3
1493020290	1
1493022086	1
1493023912	4.8
1493025712	4.8
1493027511	8
1493029309	8
1493031105	10.5
1493032901	10.5
1493034699	11.5
1493036494	11.5
1493038322	12.6
1493040118	12.6
1493041911	14.1
1493043706	14.1
1493045505	15.5
1493047300	15.5
1493049125	16.5
1493050920	16.5
1493052713	16.1
1493054506	16.1
1493056332	15.7
1493058128	15.7
1493059924	15.4
1493061719	15.4
1493063513	15.2
1493065311	15.2
1493067137	14.2
1493068930	14.2
1493070726	12.4
1493072523	12.4
1493074318	10.9
1493076114	10.9
1493077940	9.5
1493085128	7.2
1493086948	7.2
1493088744	6.2
1493090539	6.2
1493092333	5.6
1493094128	5.6
1493095955	5.1
1493097751	5.1
1493099544	5
1493101339	5
1493103135	5.7
1493104933	5.7
1493106757	6.8
1493108553	6.8
1493110348	9.4
1493112143	9.4
1493113940	12
1493115764	12
1493117558	12.8
1493119353	12.8
1493121147	14
1493122943	14
1493124765	14.6
1493126560	14.6
1493128354	14.6
1493130152	14.6
1493131949	14
1493133773	14
1493135569	12.1
1493137365	12.1
1493139158	10.6
1493140953	10.6
1493142778	9.1
1493144576	9.1
1493146373	9
1493148167	9
1493149964	8.7
1493151759	8.7
1493153585	5.8
1493155379	5.8
1493157177	5.5
1493158973	5.5
1493160767	5.5
1493162565	5.1
1493164362	5.1
1493171580	4.2
1493173370	3.9
1493175164	3.9
1493176959	3.8
1493178784	3.8
1493258030	4.3
1493259821	3.6
1493261615	3.6
1493263413	3.5
1493265208	3.5
1493267034	3.4
1493268831	3.4
1493270625	3.8
1493272420	3.8
1493274214	3.5
1493276010	3.5
1493277834	3.3
1493279631	3.3
1493281426	6
1493283220	6
1493285015	6.5
1493286840	6.5
1493288635	7.6
1493290434	7.6
1493292230	8.9
1493294026	8.9
1493295824	8.1
1493297648	8.1
1493299440	8.7
1493301235	8.7
1493303029	9.8
1493304855	9.8
1493306652	9.4
1493308447	9.4
1493310245	9.1
1493312038	9.1
1493313863	8
1493315658	8
1493317454	10.4
1493319250	10.4
1493321048	10.3
1493322844	10.3
1493324670	9.9
1493326466	9.9
1493328262	8.9
1493330055	8.9
1493331848	8.4
1493333646	8.4
1493335471	7.8
1493337269	7.8
1493345166	6.9
1493346960	6.9
1493348758	6.6
1493350586	6.6
1493352383	6.5
1493354179	6.5
1493355973	6.4
1493357770	6.4
1493359568	6.2
1493361367	6.2
1493363165	6.2
1493364992	6.2
1493366786	6.7
1493368582	6.7
1493370381	7.6
1493372176	7.6
1493373972	9.4
1493375800	9.4
1493377593	10.6
1493379390	10.6
1493381183	12.5
1493382977	12.5
1493384803	12.3
1493386602	12.3
1493388398	11.6
1493390192	11.6
1493391988	11.3
1493393814	11.3
1493395608	10.8
1493397403	10.8
1493399202	12.2
1493401000	12.2
1493402797	12.7
1493404620	12.7
1493406415	12.4
1493408211	12.4
1493410007	11.2
1493411802	11.2
1493413601	10.2
1493415426	10.2
1493417218	9.4
1493419014	9.4
1493420806	8.6
1493422603	8.6
1493431614	5.9
1493433436	5.9
1493435233	5.7
1493437022	5.7
1493438821	5.5
1493440627	5.5
1493442428	5.8
1493444229	5.8
1493446031	6
1493447833	6
1493449668	6.3
1493451471	6.3
1493453277	7
1493455107	7
1493456909	9.6
1493458710	9.6
1493460505	12
1493462305	12
1493464108	13.5
1493465909	13.5
1493467716	13.7
1493469513	13.7
1493471314	14.8
1493473115	14.8
1493474914	14.8
1493476743	14.8
1493478518	13.9
1493480321	13.9
1493482120	14.9
1493483923	14.9
1493485728	14.5
1493487528	14.5
1493489329	15.4
1493491135	15.4
1493492933	14.9
1493494734	14.9
1493496541	13.9
1493498345	13.9
1493500146	12.1
1493501948	12.1
1493503752	10.4
1493505561	10.4
1493507365	8.8
1493509176	8.8
1493510974	7.6
1493512776	7.6
1493514110	7.6
1493515938	6.5
1493517763	6.5
1493519530	5.8
1493521363	5.8
1493523159	5
1493524957	5
1493526754	4.7
1493528549	4.7
1493530345	4.8
1493532168	4.8
1493533962	4.9
1493535757	4.9
1493537554	5.2
1493539351	5.2
1493541177	8.2
1493542975	8.2
1493544771	10.7
1493546566	10.7
1493548365	11.8
1493550160	11.8
1493551958	13.5
1493553783	13.5
1493555581	14.9
1493557376	14.9
1493559172	16.2
1493560970	16.2
1493562768	17
1493564593	17
1493566390	17
1493568184	17
1493569979	17.7
1493571774	17.7
1493573598	17.6
1493575393	17.6
1493577187	17.5
1493578985	17.5
1493580781	16.8
1493582580	16.8
1493584375	16.1
1493586200	16.1
1493587999	14.4
1493589798	14.4
1493591595	12.8
1493593396	12.8
1493595192	12
1493596987	12
1493598574	11.3
1493600373	11.3
1493602169	10.6
1493603968	10.6
1493607559	10
1493609383	9.6
1493611177	9.6
1493612972	9.2
1493614767	9.2
1493616562	8.6
1493618393	8.6
1493620192	7
1493621992	7
1493623786	6.5
1493625582	6.5
1493627379	9.3
1493629203	9.3
1493630999	13.2
1493632793	13.2
1493634589	14.8
1493636385	14.8
1493638211	16.2
1493640006	16.2
1493641801	17.4
1493643597	17.4
1493645393	17.6
1493647190	17.6
1493649014	17.5
1493650814	17.5
1493652611	17.8
1493654405	17.8
1493656201	17.2
1493657998	17.2
1493659793	15.8
1493661622	15.8
1493663417	14.3
1493665214	14.3
1493667030	12.6
1493668830	12.6
1493670633	11.3
1493672439	11.3
1493674247	10.5
1493676055	10.5
1493677829	10.1
1493679635	10.1
1493681442	9.8
1493683248	9.8
1493685051	9.5
1493686853	9.5
1493688687	9.4
1493688913	9.4
1493694298	9.3
1493696092	9.1
1493697919	9.1
1493699715	9
1493701509	9
1493703305	9
1493705102	9
1493706899	8.9
1493708724	8.9
1493710521	8.9
1493712318	8.9
1493714119	9
1493715913	9
1493717712	9.1
1493719515	9.1
1493721312	9
1493723143	9
1493724945	9.2
1493726743	9.2
1493728539	9.6
1493730336	9.6
1493732136	9.8
1493733934	9.8
1493735761	10.2
1493737557	10.2
1493739357	10.8
1493741153	10.8
1493742948	10.7
1493744744	10.7
1493746541	10.6
1493748367	10.6
1493750162	10.7
1493751956	10.7
1493753755	11
1493755552	11
1493757348	10.9
1493759144	10.9
1493760970	10.2
1493762769	10.2
1493764567	9.7
1493766362	9.7
1493768160	8.8
1493769960	8.8
1493771754	8.1
1493773583	8.1
1493775375	7.7
1493777170	7.7
1493782107	6.4
1493783930	6.4
1493785725	6.5
1493787522	6.5
1493789319	6.6
1493791115	6.6
1493792913	6.8
1493794742	6.8
1493796538	6.8
1493798335	6.8
1493800130	7.8
1493801928	7.8
1493803723	8.5
1493805520	8.5
1493807344	10.8
1493809142	10.8
1493810936	12.7
1493812730	12.7
1493814525	14.8
1493816353	14.8
1493818146	15.7
1493819940	15.7
1493821734	15.9
1493823560	15.9
1493825357	15.2
1493827150	15.2
1493828947	15.4
1493830743	15.4
1493832538	15.2
1493834361	15.2
1493836158	14.2
1493837954	14.2
1493839750	13.7
1493841546	13.7
1493843343	12.8
1493845168	12.8
1493846965	12.2
1493848764	12.2
1493850558	11.7
1493852357	11.7
1493854154	11.4
1493855948	11.4
1493857776	10.3
1493859574	10.3
1493861150	9.2
1493862919	9.2
1493870129	7.6
1493871949	7.1
1493873745	7.1
1493875542	6.7
1493877338	6.7
1493879132	6.6
1493880930	6.6
1493882729	5.9
1493884528	5.9
1493886330	7.3
1493888158	7.3
1493889955	8.8
1493891752	8.8
1493893552	9.7
1493895346	9.7
1493897142	12.8
1493898935	12.8
1493900761	14.3
1493902556	14.3
1493904351	15.4
1493906149	15.4
1493907945	16.9
1493909740	16.9
1493911562	17.3
1493913362	17.3
1493915157	17.4
1493916952	17.4
1493918746	15.9
1493920574	15.9
1493922370	14.9
1493924163	14.9
1493925961	13.3
1493927756	13.3
1493929554	12.4
1493931351	12.4
1493933178	11.8
1493934975	11.8
1493936773	11.5
1493938569	11.5
1493940371	11.4
1493942169	11.4
1493943965	11.2
1493945760	11.2
1493947586	11
1493949383	11
1493951179	10.7
1493952973	10.7
1493953417	10.7
1493955218	10.4
1493957012	10.4
1493958811	10.1
1493960608	10.1
1493962406	10
1493964203	10
1493966029	9.9
1493967822	9.9
1493969619	9.9
1493971412	9.9
1493973209	10.4
1493975034	10.4
1493976833	10.6
1493978628	10.6
1493980425	11.1
1493982220	11.1
1493984015	11.7
1493985843	11.7
1493987637	12.6
1493989435	12.6
1493991229	14.3
1493993021	14.3
1493994848	14.9
1493996643	14.9
1493998438	14.8
1494000232	14.8
1494002030	15.3
1494003826	15.3
1494005652	15.5
1494007446	15.5
1494009241	15.3
1494011036	15.3
1494012830	15.2
1494014655	15.2
1494016451	14.3
1494018249	14.3
1494020046	13.1
1494021843	13.1
1494025437	11.6
1494027259	10.2
1494029054	10.2
1494030759	8
1494032560	8
1494034355	4.1
1494036150	4.1
1494037945	6.9
1494039745	6.9
1494041573	6.5
1494043369	6.5
1494045164	6.1
1494046961	6.1
1494048755	6
1494050582	6
1494052380	5.5
1494054178	5.5
1494055974	5.5
1494057768	5.5
1494059562	6.7
1494061390	6.7
1494063185	8.4
1494064981	8.4
1494066778	10.9
1494068573	10.9
1494070369	12.9
1494072199	12.9
1494073993	15.4
1494075794	15.4
1494077589	17.7
1494079389	17.7
1494081187	19.3
1494082986	19.3
1494084785	20
1494086582	20
1494088410	21.1
1494090206	21.1
1494092004	20.9
1494093799	20.9
1494095596	20.5
1494097393	20.5
1494099194	19.8
1494100991	19.8
1494102823	18.4
1494104623	18.4
1494106422	16.8
1494108219	16.8
1494113605	15.4
1494115431	15.4
1494117226	13.4
1494119023	13.4
1494122435	13.3
1494124230	13
1494126057	13
1494127854	11.2
1494129649	11.2
1494131448	11
1494133249	11
1494135043	10.5
1494136840	10.5
1494138666	10.9
1494140463	10.9
1494142258	12.2
1494144057	12.2
1494145854	13.7
1494147651	13.7
1494149477	14.1
1494151273	14.1
1494153068	14.5
1494154864	14.5
1494156660	15
1494158455	15
1494160279	16.1
1494162077	16.1
1494163876	16.1
1494165671	16.1
1494167469	17.5
1494169263	17.5
1494171087	19.7
1494172883	19.7
1494174681	18.9
1494176476	18.9
1494178272	19
1494180067	19
1494181894	16.6
1494183689	16.6
1494185484	15.9
1494187279	15.9
1494189073	15
1494190899	15
1494192697	14.3
1494194493	14.3
1494200542	13.4
1494202364	13.4
1494204156	13.3
1494205951	13.3
1494207746	13.2
1494209572	13.2
1494211370	12.7
1494213165	12.7
1494214964	12.3
1494216790	12.3
1494218586	12.1
1494220383	12.1
1494222181	12
1494223982	12
1494225780	11.9
1494227577	11.9
1494229376	11.5
1494231204	11.5
1494233000	11.9
1494234797	11.9
1494236593	12
1494238389	12
1494240188	12.6
1494242013	12.6
1494243811	13.1
1494245610	13.1
1494247408	14.3
1494249207	14.3
1494251002	14.2
1494252829	14.2
1494254624	13.5
1494256419	13.5
1494258215	12.3
1494260010	12.3
1494261804	10.9
1494263633	10.9
1494265431	10.8
1494267229	10.8
1494269023	10.2
1494270849	10.2
1494272646	10.3
1494274444	10.3
1494276240	10
1494278038	10
1494279836	9.8
1494287052	8.9
1494288844	8.9
1494290637	8.6
1494292463	8.6
1494294257	7.9
1494295046	7.9
1494296845	7.5
1494298639	7.5
1494300434	7.5
1494302230	7.5
1494304055	7.1
1494305849	7.1
1494307647	7
1494309443	7
1494311241	6.9
1494313040	6.9
1494314835	6.8
1494316663	6.8
1494318458	9.8
1494320254	9.8
1494322050	9.8
1494323847	9.8
1494325641	10.7
1494327465	10.7
1494329262	11.2
1494331057	11.2
1494332854	11.8
1494334651	11.8
1494336448	12
1494338277	12
1494340072	13.3
1494341869	13.3
1494343665	13.1
1494345463	13.1
1494347260	13.4
1494349056	13.4
1494350883	14.3
1494352677	14.3
1494354475	13.8
1494356270	13.8
1494358064	12.2
1494359890	12.2
1494361686	10.2
1494363482	10.2
1494365278	7.4
1494367080	7.4
1494374300	4.7
1494376092	4.3
1494377887	4.3
1494379711	3.2
1494381505	3.2
1494383300	2.3
1494385095	2.3
1494386893	2.3
1494388721	2.3
1494390517	2.9
1494392313	2.9
1494394112	1.6
1494395909	1.6
1494397737	1.4
1494399535	1.4
1494401330	7.7
1494403127	7.7
1494404920	9.8
1494406744	9.8
1494408539	12.4
1494410336	12.4
1494412130	14.3
1494413928	14.3
1494415753	14.9
1494417547	14.9
1494419340	15.9
1494421134	15.9
1494422929	16.4
1494424755	16.4
1494426549	17.2
1494428345	17.2
1494430139	18.7
1494431965	18.7
1494433761	19.4
1494435554	19.4
1494437348	20.7
1494439144	20.7
1494440966	20.8
1494442763	20.8
1494444558	20.4
1494446354	20.4
1494448150	17.3
1494449976	17.3
1494451774	12.3
1494453569	12.3
1494455364	10.2
1494457159	10.2
1494458716	10.2
1494460514	8
1494462308	8
1494464100	7.5
1494465924	7.5
1494467720	7.4
1494469515	7.4
1494471313	6.8
1494473108	6.8
1494474904	6.4
1494476728	6.4
1494478524	6.5
1494480323	6.5
1494482120	7.8
1494483919	7.8
1494485717	9.2
1494487542	9.2
1494489338	6.5
1494491134	6.5
1494492927	12.4
1494494723	12.4
1494496517	19.4
1494498343	19.4
1494500139	21.8
1494501934	21.8
1494503732	22.4
1494505529	22.4
1494507324	24.2
1494509149	24.2
1494510942	25.1
1494512735	25.1
1494514528	25.5
1494516352	25.5
1494518144	27.1
1494519938	27.1
1494521761	26.6
1494523555	26.6
1494525350	26.4
1494527147	26.4
1494528945	25.9
1494530740	25.9
1494532566	25
1494534360	25
1494536156	21.2
1494537949	21.2
1494539770	19.4
1494541566	19.4
1494543362	16.3
1494545158	16.3
1494546958	15.6
1494548756	15.6
1494550548	14.5
1494552373	14.5
1494554167	13.5
1494555965	13.5
1494557761	13.5
1494559557	13.5
1494561383	12.8
1494563177	12.8
1494564973	12.9
1494566768	12.9
1494568563	12.8
1494570360	12.8
1494572186	13.7
1494573982	13.7
1494575778	14
1494577575	14
1494579371	15.1
1494581168	15.1
1494582997	17.2
1494584793	17.2
1494586587	19.3
1494588382	19.3
1494590181	19.9
1494591977	19.9
1494593775	20.2
1494595603	20.2
1494597398	22.2
1494599195	22.2
1494600993	24.8
1494602788	24.8
1494604582	24.9
1494606379	24.9
1494608209	25.7
1494610006	25.7
1494611803	25.4
1494613598	25.4
1494615395	24.7
1494617190	24.7
1494618987	24.2
1494620812	24.2
1494622610	19.8
1494624407	19.8
1494626205	15.8
1494628000	15.8
1494629796	13.7
1494631622	13.7
1494633402	13
1494635227	13
1494637019	12.3
1494638703	12.3
1494640502	11.6
1494642299	11.6
1494644095	11
1494645890	11
1494647718	11
1494649512	11
1494651308	10.9
1494653104	10.9
1494654902	11.1
1494656699	11.1
1494658525	12.2
1494660319	12.2
1494662115	13.4
1494663912	13.4
1494665708	17.8
1494667504	17.8
1494669301	18.8
1494671128	18.8
1494672922	21
1494674720	21
1494676516	20.4
1494678312	20.4
1494680107	21.1
1494681908	21.1
1494683734	15.8
1494685530	15.8
1494687326	17.8
1494689122	17.8
1494690920	20.4
1494692715	20.4
1494694541	21.8
1494696338	21.8
1494698134	22.8
1494699928	22.8
1494701726	22.3
1494703524	22.3
1494705321	21.6
1494707149	21.6
1494708941	19.8
1494710739	19.8
1494712538	16.4
1494714337	16.4
1494716135	14.4
1494717933	14.4
1494719731	14.6
1494723357	14.7
1494725149	14.7
1494726942	14.5
1494728739	14.5
1494730537	13.8
1494730959	13.8
1494732761	13.8
1494734558	13.9
1494736352	13.9
1494738148	13.8
1494739944	13.8
1494741741	13.6
1494743567	13.6
1494745362	13.6
1494747157	13.6
1494748955	14.6
1494750758	14.6
1494752552	15.6
1494754351	15.6
1494756176	16.5
1494757971	16.5
1494759767	18.4
1494761563	18.4
1494763359	20.3
1494765156	20.3
1494766982	20.7
1494768778	20.7
1494770573	21
1494772368	21
1494774163	17.9
1494775959	17.9
1494777786	22.3
1494779580	22.3
1494781376	23.6
1494783174	23.6
1494784971	22.2
1494786766	22.2
1494788594	13.8
1494790388	13.8
1494792184	17.5
1494793980	17.5
1494795775	18.2
1494797572	18.2
1494799399	16.3
1494801197	16.3
1494802997	14.3
1494804791	14.3
1494806588	13.5
1494810184	13.4
1494812008	13.4
1494813802	13.2
1494814504	13.2
1494816304	13.2
1494818101	12.1
1494819895	12.1
1494821693	11.3
1494823490	11.3
1494825286	10.8
1494827112	10.8
1494828905	11.3
1494830701	11.3
1494832501	11.7
1494834298	11.7
1494836095	14
1494837922	14
1494839723	19.8
1494841519	19.8
1494843312	15.8
1494845108	15.8
1494846906	17.7
1494848702	17.7
1494850527	19.5
1494852322	19.5
1494854120	20.5
1494855915	20.5
1494857712	21.6
1494859507	21.6
1494861333	22.1
1494863128	22.1
1494864930	22.3
1494866726	22.3
1494868520	23.6
1494870316	23.6
1494872141	22.8
1494873934	22.8
1494875729	22.8
1494877527	22.8
1494879323	22.4
1494881118	22.4
1494882945	19.1
1494884743	19.1
1494886538	16
1494888338	16
1494890134	13.4
1494891929	13.4
1494897345	10.9
1494899136	10.9
1494900930	9.7
1494902894	9.7
1494904695	9.2
1494906492	9.2
1494908288	8.4
1494910086	8.4
1494911880	8.2
1494913680	8.2
1494915504	6.8
1494917301	6.8
1494919095	9.6
1494920893	9.6
1494922688	13.2
1494924520	13.2
1494926321	19
1494928121	19
1494929922	19.3
1494931723	19.3
1494933521	21.6
1494935317	21.6
1494937115	23
1494938911	23
1494940737	23.4
1494942533	23.4
1494944328	23.5
1494946126	23.5
1494947921	24.9
1494949716	24.9
1494951541	25.1
1494953339	25.1
1494955134	25.5
1494956931	25.5
1494958725	24.8
1494960523	24.8
1494962351	24.1
1494964150	24.1
1494965945	22.9
1494967739	22.9
1494969534	21.3
1494971329	21.3
1494973127	19
1494974954	19
1494976421	16.6
1494978194	16.6
1494985416	13.8
1494987211	12.7
1494989006	12.7
1494990803	12.2
1494992628	12.2
1494994425	11.7
1494996223	11.7
1494998018	10.9
1494999814	10.9
1495001609	11.3
1495003433	11.3
1495005232	14.7
1495007029	14.7
1495008823	15.6
1495010622	15.6
1495012416	19.6
1495014242	19.6
1495016037	22.9
1495017833	22.9
1495019628	24.6
1495021423	24.6
1495023222	25.2
1495025050	25.2
1495026847	26.1
1495028642	26.1
1495030440	26.4
1495032237	26.4
1495034031	27.3
1495035859	27.3
1495037660	27.2
1495039459	27.2
1495041257	27.4
1495043055	27.4
1495044851	27.7
1495046645	27.7
1495048443	27.4
1495050268	27.4
1495052066	24.1
1495053862	24.1
1495055656	22.7
1495057451	22.7
1495059246	20.5
1495061073	20.5
1495062872	19.4
1495064668	19.4
1495071882	17.5
1495073489	17.5
1495075288	17.8
1495077082	17.8
1495078880	17.4
1495080673	17.4
1495082471	16.5
1495084298	16.5
1495086093	15.4
1495087888	15.4
1495089684	14.4
1495091478	14.4
1495093306	16.5
1495095103	16.5
1495096898	18.8
1495098693	18.8
1495100488	21.6
1495102314	21.6
1495104110	23.2
1495105906	23.2
1495107702	24.5
1495109500	24.5
1495111297	25.3
1495113092	25.3
1495114921	25.9
1495116718	25.9
1495118515	25.7
1495120311	25.7
1495122104	25
1495123901	25
1495125727	25.5
1495127522	25.5
1495129316	24.4
1495131113	24.4
1495132909	24.1
1495134736	24.1
1495136531	24
1495138330	24
1495140126	23.6
1495141925	23.6
1495143723	21.5
1495145548	21.5
1495147345	21.4
1495149140	21.4
1495150939	17
1495152735	17
1495154531	16.5
1495156325	16.5
1495157877	16.4
1495159719	16.4
1495161511	16.4
1495163307	16.4
1495165134	15.9
1495166928	15.9
1495168725	15.7
1495170521	15.7
1495172319	15
1495174144	15
1495175942	15.5
1495177739	15.5
1495179535	15.5
1495181329	15.5
1495183157	15.7
1495184954	15.7
1495186755	16.5
1495188553	16.5
1495190348	18.5
1495192146	18.5
1495193973	19.5
1495195769	19.5
1495197565	20.2
1495199360	20.2
1495201157	20.4
1495202953	20.4
1495204780	18.4
1495206576	18.4
1495208374	16
1495210171	16
1495211967	14.3
1495213762	14.3
1495215560	12.8
1495217386	12.8
1495219183	11.8
1495220979	11.8
1495222775	11
1495224569	11
1495226365	10.8
1495228191	10.8
1495229987	10.4
1495231785	10.4
1495233582	10.5
1495235378	10.5
1495237175	10.7
1495238971	10.7
1495240797	10.4
1495242593	10.4
1495244389	9.9
1495246191	9.9
1495247983	9
1495248617	9
1495250418	9
1495252213	9.3
1495254008	9.3
1495255802	9
1495257629	9
1495259425	8.6
1495261222	8.6
1495263018	9.1
1495264816	9.1
1495266613	10.1
1495268409	10.1
1495270233	11.4
1495272031	11.4
1495273826	12.8
1495275623	12.8
1495277419	13.6
1495279216	13.6
1495281046	13.8
1495282840	13.8
1495284632	15
1495286429	15
1495288225	16.8
1495290022	16.8
1495291848	16.8
1495293646	16.8
1495295441	15.7
1495297235	15.7
1495299032	15.7
1495300829	15.7
1495302654	15.4
1495304453	15.4
1495306248	16
1495308044	16
1495309841	16.3
1495311638	16.3
1495313463	13.9
1495315258	13.9
1495317054	13.8
1495318850	13.8
1495320647	10.5
1495322445	10.5
1495322612	10.5
1495324415	9.2
1495326212	9.2
1495328011	7.9
1495329810	7.9
1495331604	7.1
1495333407	7.1
1495335234	6.5
1495337029	6.5
1495338827	5.6
1495340621	5.6
1495342418	5.3
1495344244	5.3
1495346042	5.3
1495347838	5.3
1495349632	6.4
1495351429	6.4
1495353223	9.8
1495355050	9.8
1495356847	11
1495358641	11
1495360443	13.1
1495362240	13.1
1495364036	14.9
1495365831	14.9
1495367629	15.8
1495369455	15.8
1495371251	16.9
1495373045	16.9
1495374842	17.5
1495376642	17.5
1495378436	18.7
1495380261	18.7
1495382057	19.1
1495383851	19.1
1495385645	18.8
1495387440	18.8
1495389266	20.4
1495391060	20.4
1495392856	21.3
1495394650	21.3
1495396444	19.9
1495398271	19.9
1495400068	19.6
1495401866	19.6
1495403661	17.9
1495405460	17.9
1495407259	16.5
1495409055	16.5
1495410881	16.2
1495412674	16.2
1495414470	15.9
1495414713	15.9
1495416511	15.9
1495418306	13.7
1495420100	13.7
1495421892	12.7
1495423718	12.7
1495425514	12.8
1495427309	12.8
1495429103	12.6
1495430927	12.6
1495432723	13.4
1495434516	13.4
1495436311	13.6
1495438107	13.6
1495439904	13.9
1495441704	13.9
1495443533	14.7
1495445328	14.7
1495447128	15.8
1495448924	15.8
1495450718	19.8
1495452514	19.8
1495454340	19.3
1495456137	19.3
1495457932	21.2
1495459729	21.2
1495461523	20.3
1495463321	20.3
1495465147	20.4
1495466938	20.4
1495468733	20.5
1495470532	20.5
1495472327	21.9
1495474154	21.9
1495475948	23.2
1495477742	23.2
1495479535	22.8
1495481331	22.8
1495483156	20.9
1495484954	20.9
1495486753	19.1
1495488549	19.1
1495490346	16.6
1495492141	16.6
1495493964	15.7
1495495763	15.7
1495496503	15.7
1495498308	13
1495500108	13
1495501906	12.1
1495503701	12.1
1495507300	11.1
1495509121	10.4
1495510914	10.4
1495512712	11
1495514507	11
1495516301	10.2
1495518130	10.2
1495519928	10.5
1495521724	10.5
1495523520	12.2
1495525317	12.2
1495527114	14.3
1495528939	14.3
1495530736	18.3
1495532532	18.3
1495534326	20
1495536121	20
1495537946	22
1495539742	22
1495541537	22.9
1495543333	22.9
1495545130	24.5
1495546925	24.5
1495548751	25
1495550548	25
1495552343	25.5
1495554138	25.5
1495555934	24.8
1495557730	24.8
1495559557	24.3
1495561352	24.3
1495563148	24.2
1495564944	24.2
1495566739	24
1495568565	24.6
1495570364	24.6
1495572161	23.7
1495573955	23.7
1495575755	22.8
1495577550	22.8
1495579346	21.7
1495581173	21.7
1495582970	20.9
1495584766	20.9
1495586563	20.4
1495588357	20.4
1495590183	19.9
1495590816	19.9
1495594413	19.1
1495596204	19.1
1495597999	18.1
1495599828	18.1
1495601626	17
1495603424	17
1495605220	15.8
1495607013	15.8
1495608808	15.1
1495610632	15.1
1495612430	15.1
1495614225	15.1
1495616019	14.8
1495617815	14.8
1495619612	15.2
1495621438	15.2
1495623237	16.6
1495625033	16.6
1495626828	20.8
1495628621	20.8
1495630448	22.3
1495632243	22.3
1495634036	20.3
1495635834	20.3
1495637661	19.4
1495639458	19.4
1495641258	18.4
1495643057	18.4
1495644852	19
1495646646	19
1495648440	18.8
1495650267	18.8
1495652066	19.1
1495653861	19.1
1495655655	18.2
1495657452	18.2
1495659249	15.9
1495661048	15.9
1495662874	14.4
1495664670	14.4
1495666465	14.3
1495667194	14.3
1495668989	14.3
1495670787	13.9
1495672584	13.9
1495674410	13.6
1495676207	13.6
1495678003	13
1495681592	12.6
1495683413	12.6
1495685209	12.1
1495687004	12.1
1495688800	11.8
1495690598	11.8
1495692396	11.6
1495694224	11.6
1495696018	11.6
1495697813	11.6
1495699611	12.2
1495701406	12.2
1495703202	13
1495705028	13
1495706824	13.9
1495708607	13.9
1495710409	15.5
1495712215	15.5
1495714023	21.5
1495715862	21.5
1495717665	22.5
1495719473	22.5
1495721281	22.9
1495723086	22.9
1495724895	22.8
1495726698	22.8
1495728503	23
1495730279	23
1495732084	22.5
1495733894	22.5
1495735696	21.6
1495737501	21.6
1495739306	21.4
1495741111	21.4
1495742914	20.2
1495744722	20.2
1495746524	19.7
1495748329	19.7
1495750134	18.9
1495751939	18.9
1495753748	18.7
1495755556	18.7
1495757359	17.2
1495759161	17.2
1495760962	16
1495762763	16
1495768702	14.4
1495770494	14.4
1495772286	13.5
1495774111	13.5
1495775906	12.7
1495777702	12.7
1495779498	12.1
1495781292	12.1
1495783118	12.3
1495784916	12.3
1495786714	12.8
1495788512	12.8
1495790309	14.5
1495792105	14.5
1495793933	16.5
1495795733	16.5
1495797532	18.5
1495799328	18.5
1495801126	26.5
1495802926	26.5
1495804728	29.6
1495806556	29.6
1495808353	21
1495810149	21
1495811943	22.3
1495813739	22.3
1495815563	22.6
1495817359	22.6
1495819152	22.6
1495820946	22.6
1495822741	23
1495824567	23
1495826359	22.6
1495828154	22.6
1495829950	22.4
1495831744	22.4
1495833573	20.9
1495835372	20.9
1495837173	17.9
1495838967	17.9
1495840762	17.2
1495842558	17.2
1495844355	17.3
1495846182	17.3
1495846349	17.3
1495848147	15.7
1495849943	15.7
1495855346	12.2
1495857168	12.2
1495858964	12.4
1495860759	12.4
1495862553	10.7
1495864351	10.7
1495866179	12.5
1495867972	12.5
1495869769	15.1
1495871563	15.1
1495873388	17.9
1495875183	17.9
1495876978	19.1
1495878778	19.1
1495880578	20.7
1495882375	20.7
1495884174	22.4
1495886003	22.4
1495887801	23.4
1495889597	23.4
1495891391	24.8
1495893188	24.8
1495895013	25.3
1495896808	25.3
1495898603	25.6
1495900399	25.6
1495902198	25.6
1495904021	25.6
1495905819	25.6
1495907616	25.6
1495909414	25.5
1495911209	25.5
1495913006	25.2
1495914802	25.2
1495916628	24.3
1495918422	24.3
1495920217	22.8
1495922015	22.8
1495923812	20.2
1495925611	20.2
1495927409	19.6
1495929235	19.6
1495943229	12.8
1495945020	12.8
1495946813	11.9
1495948609	11.9
1495950437	11
1495952231	11
1495954026	13.8
1495955821	13.8
1495957644	16.8
1495959440	16.8
1495961234	19.3
1495963027	20.2
1495964853	20.2
1495966648	23.4
1495968445	23.4
1495970243	25.1
1495972039	25.1
1495973834	25.5
1495975658	25.5
1495977454	26.2
1495979248	26.2
1495981043	27.4
1495982839	27.4
1495984639	29.8
1495986462	29.8
1495988255	29.7
1495990050	29.7
1495991848	30.2
1495993642	30.2
1495995469	30.3
1495997266	30.3
1495999061	28.8
1496000854	28.8
1496002651	26
1496004476	26
1496006271	24.2
1496008066	24.2
1496009865	21.3
1496011660	21.3
1496013455	19.2
1496015283	19.2
1496017079	18.6
1496018872	18.6
1496020667	17.3
1496022462	17.3
1496029865	16
1496031657	15.8
1496033450	15.8
1496035247	16
1496037071	16
1496038865	16.4
1496040661	16.4
1496042456	17.2
1496044252	17.2
1496046077	18.8
1496047873	18.8
1496049668	20.9
1496051464	20.9
1496053258	22.8
1496055053	22.8
1496056879	25.6
1496058675	25.6
1496060473	29.2
1496062271	29.2
1496064067	31.2
1496065861	31.2
1496067688	31.6
1496069481	31.6
1496071276	31.2
1496073072	31.2
1496074866	33
1496076692	33
1496078491	32
1496080288	32
1496082084	24.8
1496083878	24.8
1496085675	23.6
1496087473	23.6
1496089298	23.6
1496091093	23.6
1496092889	22.7
1496094687	22.7
1496096483	21.3
1496098306	21.3
1496100101	20.3
1496101896	20.3
1496103691	20.1
1496105486	20.1
1496107283	21
1496109111	21
1496109411	21
1496116598	21.3
1496118421	21.4
1496120214	21.4
1496122009	21.1
1496123802	21.1
1496125629	20.5
1496127425	20.5
1496129218	20.1
1496131013	20.1
1496132809	22
1496134635	22
1496136429	21.5
1496138223	21.5
1496140017	22.1
1496141815	22.1
1496143639	28.4
1496145433	28.4
1496147228	28.4
1496149022	28.4
1496150819	26.7
1496152644	26.7
1496154440	28.1
1496156233	28.1
1496158028	30.4
1496159821	30.4
1496161647	30.9
1496163438	30.9
1496165230	29.7
1496167025	29.7
1496168851	26.6
1496170644	26.6
1496174230	25.4
1496176026	25.8
1496177850	25.8
1496179643	23
1496181437	23
1496183233	21
1496185060	21
1496186775	19.6
1496188569	19.6
1496190361	18.8
1496192155	18.8
1496193980	18
1496195777	18
1496197571	17.6
1496199369	17.6
1496201194	16.9
1496202991	16.9
1496204790	16.9
1496206586	16.9
1496208383	16.6
1496210212	16.6
1496212007	16.8
1496213802	16.8
1496215598	18.2
1496217393	18.2
1496219216	19.7
1496221011	19.7
1496222806	21.2
1496224600	21.2
1496226424	22
1496228220	22
1496230015	24.9
1496231811	24.9
1496233605	23.2
1496235401	23.2
1496237225	23.4
1496239021	23.4
1496240818	24.6
1496242613	24.6
1496244411	24.6
1496246235	24.6
1496248030	24.7
1496249825	24.7
1496251619	24.9
1496253419	24.9
1496255214	25.1
1496257040	25.1
1496258835	24.7
1496260631	24.7
1496262427	22.5
1496264222	22.5
1496266049	19.8
1496267843	19.8
1496273231	15.5
1496275027	15.5
1496276851	14.6
1496277561	14.6
1496279359	14.6
1496281156	13.1
1496282957	13.1
1496284753	12.3
1496286549	12.3
1496288373	11.8
1496290167	11.8
1496291963	11.2
1496293761	11.2
1496295558	12
1496297355	12
1496299153	12.2
1496300980	12.2
1496302778	15.9
1496304576	15.9
1496306374	19.4
1496308171	19.4
1496309967	20.8
1496311764	20.8
1496313586	22
1496315382	22
1496317181	21
1496318980	21
1496320774	23
1496322603	23
1496324397	23.4
1496326191	23.4
1496327988	24.2
1496329785	24.2
1496331579	24.3
1496333406	24.3
1496335200	26
1496336998	26
1496338792	26.7
1496340592	26.7
1496342385	25.9
1496344211	25.9
1496346009	25.7
1496347803	25.7
1496349599	24.3
1496351397	24.3
1496353194	20.8
1496360403	16
1496361292	16
1496363089	16
1496364884	14.9
1496366678	14.9
1496368476	14
1496370300	14
1496372094	13.2
1496373889	13.2
1496375683	12.8
1496377493	12.8
1496379321	12.2
1496381121	12.2
1496382922	12.4
1496384729	12.4
1496386533	13.7
1496388337	13.7
1496390139	17.8
1496391942	17.8
1496393744	20.5
1496395542	20.5
1496397343	23
1496399144	23
1496400945	23.9
1496402750	23.9
1496404555	24.4
1496406358	24.4
1496408161	25.1
1496409964	25.1
1496411766	25.4
1496413574	25.4
1496415378	26
1496417180	26
1496418983	25.3
1496420815	25.3
1496422616	25.8
1496424422	25.8
1496426226	26.5
1496428028	26.5
1496429832	25.8
1496431633	25.8
1496433434	25.3
1496435236	25.3
1496437042	22
1496438841	22
1496440648	20.8
1496447855	18.4
1496448735	18.4
1496450533	18.4
1496452332	16.9
1496454128	16.9
1496455923	16.1
1496457749	16.1
1496459542	15.1
1496461336	15.1
1496463135	14.5
1496464931	14.5
1496466727	15
1496468554	15
1496470348	15.5
1496472145	15.5
1496473945	19.6
1496475740	19.6
1496477563	21
1496479360	21
1496481157	18.3
1496482950	18.3
1496484743	23.8
1496486568	23.8
1496488364	24.1
1496490158	24.1
1496491953	25.2
1496493748	25.2
1496495574	26.7
1496497370	26.7
1496499166	27.2
1496500962	27.2
1496502761	24.9
1496504555	24.9
1496506379	22.7
1496508175	22.7
1496509974	23.9
1496511770	23.9
1496513565	24.6
1496515389	24.6
1496517184	24.8
1496518979	24.8
1496520777	23.2
1496522569	23.2
1496524369	21.9
1496526169	21.9
1496527966	21.1
1496529794	21.1
1496531591	20.4
1496533388	20.4
1496535185	19.7
1496536977	19.7
1496538803	19.4
1496540599	19.4
1496542151	19
1496543947	19
1496545742	18.9
1496547537	18.9
1496549335	18.2
1496551166	18.2
1496552967	18.1
1496554772	18.1
1496556574	17.8
1496558376	17.8
1496560183	17.6
1496561988	17.6
1496563791	17.7
1496565596	17.7
1496567400	17.2
1496569206	17.2
1496571013	16.7
1496572789	16.7
1496574589	16.7
1496576394	16.7
1496578199	17
1496580001	17
1496581809	17.2
1496583614	17.2
1496585419	17.1
1496587224	17.1
1496589058	17.8
1496590866	17.8
1496592668	18.4
1496594473	18.4
1496596282	19
1496598056	19
1496599892	19
1496601699	19
1496603503	19.2
1496605306	19.2
1496607113	18.4
1496608915	18.4
1496610718	17.5
1496612525	17.5
1496614335	16.7
1496616114	16.7
1496617918	15.9
1496619721	15.9
1496621140	15.2
1496622907	15.2
1496624730	14.5
1496626525	14.5
1496628310	13.9
1496630142	13.9
1496631945	13.3
1496633748	13.3
1496635549	13
1496637353	13
1496639157	12.8
1496640959	12.8
1496642761	12.8
1496644569	12.8
1496646373	12.9
1496648179	12.9
1496649984	13.4
1496651791	13.4
1496653598	14
1496655435	14
1496657211	14.9
1496659046	14.9
1496660850	16
1496662653	16
1496664456	17.5
1496666233	17.5
1496668035	18.9
1496669838	18.9
1496671668	19.1
1496673472	19.1
1496675270	18
1496677071	18
1496678870	17.7
1496680672	17.7
1496682478	17.1
1496684282	17.1
1496686085	16.6
1496687890	16.6
1496689690	16.2
1496691494	16.2
1496693300	16
1496695104	16
1496696900	15.6
1496698698	15.6
1496700502	15.3
1496702299	15.3
1496704098	14.8
1496705922	14.8
1496709653	14.2
1496711475	14
1496713270	14
1496715065	13.7
1496716865	13.7
1496718662	13.2
1496720459	13.2
